# inglese;italiano  -  più risposte accettate separate da "|"
# La prima forma di ogni lato è quella mostrata come domanda.
add;aggiungere|sommare
answer;rispondere
ask;chiedere|domandare
be;essere|stare
become;diventare
begin|start;iniziare|cominciare
break;rompere
buy;comprare|acquistare
call;chiamare|telefonare
can;potere|sapere|riuscire
catch;afferrare|prendere|acchiappare|catturare
choose;scegliere
clean;pulire
climb;arrampicarsi|scalare|salire
close|shut;chiudere
colour|color;colorare
come;venire
complete;completare|finire
cook;cucinare
cross;attraversare
cry;piangere
cut;tagliare
dance;ballare|danzare
do|make;fare
draw;disegnare
dream;sognare
drink;bere
drive;guidare
eat;mangiare
enjoy;divertirsi|godersi|godere
email|e-mail;mandare una email|mandare una mail|mandare un email|mandare una e-mail|inviare una email|inviare una mail|scrivere una email|scrivere una mail
fall;cadere
feed;dare da mangiare|nutrire
feel;sentirsi|sentire|provare
find;trovare
fly;volare
follow;seguire
get;ottenere|prendere|ricevere
get up;alzarsi
get dressed;vestirsi
give;dare
go;andare
grow;crescere|coltivare
have;avere
hear;sentire|udire
help;aiutare
invite;invitare
jump;saltare
keep;tenere|mantenere|conservare
know;sapere|conoscere
leave;partire|lasciare|andarsene|andare via
learn;imparare
let;permettere|lasciare
like;piacere
live;vivere|abitare
look|watch;guardare
lose;perdere
make|do;fare|costruire
mean;significare|voler dire|intendere
meet;incontrare|conoscere
move;muovere|muoversi|spostare|spostarsi|traslocare
need;avere bisogno|aver bisogno|servire
order;ordinare
pay;pagare
play;giocare|suonare
put;mettere
read;leggere
ride;andare in bicicletta|andare in bici|cavalcare|andare a cavallo
ring;squillare|suonare
run;correre
say|tell;dire
see;vedere
seem;sembrare
sell;vendere
send;mandare|inviare|spedire
show;mostrare|far vedere
shut|close;chiudere
sing;cantare
sit;sedersi|sedere|stare seduto
sleep;dormire
speak|talk;parlare
spend;spendere|trascorrere|passare
stand;stare in piedi
start|begin;iniziare|cominciare
swim;nuotare
surf;fare surf|surfare|navigare
take;prendere|portare
talk|speak;parlare|chiacchierare
teach;insegnare
tell;raccontare|dire
think;pensare|credere
try;provare|tentare
turn;girare|girarsi|voltare|voltarsi
understand;capire|comprendere
use;usare|utilizzare
wake up|wake;svegliarsi|svegliare
walk;camminare|passeggiare
want;volere
wash;lavare|lavarsi
watch|look;guardare|osservare
wear;indossare|mettersi|portare
win;vincere
work;lavorare|funzionare
write;scrivere
